Model,Test_MSE
ViT,0.006382481383006015
CNN,0.005260771911651755
MLP,0.008148069697228262
